ISBN,Title,Year,Genre
9780553588484,A Game of Thrones,1996,Fantasy
9780553381696,A Clash of Kings,1998,Fantasy
9780553573428,A Storm of Swords,2000,Fantasy
9780553582024,A Feast for Crows,2005,Fantasy
9780553801477,A Dance with Dragons,2011,Fantasy
9780060853983,"Good Omens: The Nice and Accurate Prophecies of Agnes Nutter, Witch",2006,Fantasy
9780340839935,Dune,1965,Sci Fi
9780425430132,The Moon is a Harsh Mistress,1966,Sci Fi
9780553265958,Darkness at Noon,1940,Historical
9780451207142,The Pillars of the Earth,1989,Historical